"CONSTRUCTION ESTIMATE TEMPLATE EXCEL | CONTRACTOR BID & JOB COSTING SPREADSHEET, MARKUP MARGIN CALCULATOR, PROPOSAL GENERATOR GOOGLE SHEETS"
Template Author: novality store,Formula Protection Password: premium,Excel & Google Sheets Compatible

SECTION,DESCRIPTION
Overview,"Commercial-grade construction estimate & contractor bid spreadsheet engineered for contractors, remodelers, builders, electricians, plumbers, roofers, and specialty trades."
Step 1: Project Info,"Configure client details, contractor company info, and global tax/discount/contingency rates."
Step 2: Enter Costs,"Use Materials, Labor, Equipment, and Subcontractors tabs to enter detailed itemized trade costs."
Step 3: Build Estimate,"Open the Estimate tab to review compiled direct job costs, overhead, contingency, and contract bid total."
Step 4: Markup & Margin,Configure category-specific markups and compare markup vs. margin percentages.
Step 5: Client Proposal,Generate printable invoice-style client proposal page with signature acceptance block.
Step 6: Track Actuals,Track field expenditures on Job Costing & Actuals tab and view dashboard on Summary Dashboard.
